{"Transform":{"Matrix":{"Components":[1.0,0.0,0.0,0.0,0.0,1.0,0.0,0.0,0.0,0.0,1.0,0.0]}},"Elements":{"7298d643-9049-4a2b-960d-ae775b50fd80":{"discriminator":"Elements.Material","Color":{"Red":0.0,"Green":0.0,"Blue":0.0,"Alpha":1.0},"SpecularFactor":0.0,"GlossinessFactor":0.0,"Unlit":false,"DoubleSided":false,"Id":"7298d643-9049-4a2b-960d-ae775b50fd80","Name":"black"},"e984073f-703f-4469-96e4-988a3983f8aa":{"discriminator":"Elements.Roof","Envelope":{"Positions":[],"Normals":[],"UVs":[],"Colors":[],"Triangles":[0,0,0,0,0,0,0,0,0,0,0,0,0,0,0,0,0,0,0,0,0,0,0,0]},"Topside":{"Positions":[],"Normals":[],"UVs":[],"Colors":[],"Triangles":[0,0,0,0,0,0,0,0,0,0,0,0,0,0,0,0,0,0]},"Underside":{"Positions":[],"Normals":[],"UVs":[],"Colors":[],"Triangles":[0,0,0,0,0,0,0,0,0,0,0,0,0,0,0,0,0,0]},"Perimeter":{"discriminator":"Elements.Geometry.Polygon","Vertices":[{"X":-15.997917533691833,"Y":-20.747055535108853,"Z":2.1657342585967855E-15},{"X":-15.997917533691833,"Y":-36.347055535108858,"Z":0.0},{"X":2.0020824663081678,"Y":-36.347055535108858,"Z":2.1657342585967855E-15},{"X":2.0020824663081678,"Y":-20.747055535108853,"Z":2.1657342585967855E-15}]},"Elevation":0.0,"Highpoint":4.8936208816512927,"Thickness":0.338,"Area":1063.7792361446654,"Transform":{"Matrix":{"Components":[1.0,0.0,0.0,0.0,0.0,1.0,0.0,0.0,0.0,0.0,1.0,0.0]}},"Material":"7298d643-9049-4a2b-960d-ae775b50fd80","Representation":null,"IsElementDefinition":false,"Id":"e984073f-703f-4469-96e4-988a3983f8aa","Name":"Roof"}}}